reference_number,paid_amount,payment_mode,payment_date,payment_reference,created_date,created_by,remarks
VIS 107,"? 16,048.00",Bank Transfer,04-May-25,MMT/IMPS/512417140162,04-Apr-26,1,Backend Upload 
24,"? 2,856.00",Bank Transfer,04-May-25,MMT/IMPS/512417140130,04-Apr-26,1,Backend Upload 
D010000 1/1,"? 2,181.00",Bank Transfer,04-May-25,MMT/IMPS/512417139630,04-Apr-26,1,Backend Upload 
70,"? 3,363.00",Bank Transfer,04-May-25,MMT/IMPS/512417140130,04-Apr-26,1,Backend Upload 
SI /00211/2025-26,"? 14,112.00",Bank Transfer,04-May-25,MMT/IMPS/512417140151,04-Apr-26,1,Backend Upload 
PTOO49,"? 4,447.00",Bank Transfer,04-May-25,MMT/IMPS/512417140103,04-Apr-26,1,Backend Upload 
D01000059 1/1,"? 15,580.00",Bank Transfer,04-May-25,MMT/IMPS/512417139630,04-Apr-26,1,Backend Upload 
25-26D73 1/1,"? 5,863.00",Bank Transfer,04-May-25,MMT/IMPS/512417139518,04-Apr-26,1,Backend Upload 
25-26D01000936,"? 8,849.00",Bank Transfer,04-May-25,MMT/IMPS/512417139693,04-Apr-26,1,Backend Upload 
25-26D01000953,"? 7,020.00",Bank Transfer,04-May-25,MMT/IMPS/512417139693,04-Apr-26,1,Backend Upload 
1000204,"? 1,600.00",Bank Transfer,04-May-25,MMT/IMPS/512417140021,04-Apr-26,1,Backend Upload 
25-26D01000845 1/1,"? 4,000.00",Bank Transfer,04-May-25,MMT/IMPS/512417139597,04-Apr-26,1,Backend Upload 
25-26D657 1/1,"? 6,040.00",Bank Transfer,04-May-25,MMT/IMPS/512417139518,04-Apr-26,1,Backend Upload 
SA 000764,"? 1,350.00",Bank Transfer,04-May-25,MMT/IMPS/512417140044,04-Apr-26,1,Backend Upload 
25-26D01001629,"? 4,595.00",Bank Transfer,04-May-25,MMT/IMPS/512417139693,04-Apr-26,1,Backend Upload 
DO1000446 1/1,"? 5,306.00",Bank Transfer,04-May-25,MMT/IMPS/512417139713,04-Apr-26,1,Backend Upload 
25-26D1015 1/1,"? 3,952.00",Bank Transfer,04-May-25,MMT/IMPS/512417139518,04-Apr-26,1,Backend Upload 
VIS 1005,"? 54,053.00",Bank Transfer,04-May-25,MMT/IMPS/512417140162,04-Apr-26,1,Backend Upload 
INI56/25-26,"? 12,620.00",Bank Transfer,04-May-25,MMT/IMPS/512417140083,04-Apr-26,1,Backend Upload 
25-26D01001839,"? 7,020.00",Bank Transfer,04-May-25,MMT/IMPS/512417139693,04-Apr-26,1,Backend Upload 
25-26D03001755 1/1,"? 6,516.00",Bank Transfer,04-May-25,MMT/IMPS/512417140055,04-Apr-26,1,Backend Upload 
25-26D03001803 1/1,"? 2,376.00",Bank Transfer,04-May-25,MMT/IMPS/512417140055,04-Apr-26,1,Backend Upload 
25-26D1493 1/1,"? 5,410.00",Bank Transfer,04-May-25,MMT/IMPS/512417139518,04-Apr-26,1,Backend Upload 
D01000703 1/1,"? 1,496.00",Bank Transfer,04-May-25,MMT/IMPS/512417139713,04-Apr-26,1,Backend Upload 
VIS 1509,"? 7,745.00",Bank Transfer,04-May-25,MMT/IMPS/512417140162,04-Apr-26,1,Backend Upload 
25-26 D01002466,"? 7,020.00",Bank Transfer,04-May-25,MMT/IMPS/512417139693,04-Apr-26,1,Backend Upload 
D01000276 1/1,"? 6,232.00",Bank Transfer,10-Jun-25,MMT/IMPS/516106799969,04-Apr-26,1,Backend Upload 
SS/0246/25-26,? 784.00,Bank Transfer,15-Jun-25,MMT/IMPS/516607439982,04-Apr-26,1,Backend Upload 
SS/0247/25-26,? 448.00,Bank Transfer,15-Jun-25,MMT/IMPS/516607439982,04-Apr-26,1,Backend Upload 
VIS 1760,"? 12,802.00",Bank Transfer,10-Jun-25,MMT/IMPS/516106799523,04-Apr-26,1,Backend Upload 
D01000315 1/1,"? 9,348.00",Bank Transfer,10-Jun-25,MMT/IMPS/516106799969,04-Apr-26,1,Backend Upload 
1000594,"? 2,837.00",Bank Transfer,10-Jun-25,MMT/IMPS/516106799477,04-Apr-26,1,Backend Upload 
494,"? 1,049.00",Bank Transfer,10-Jun-25,MMT/IMPS/516106799515,04-Apr-26,1,Backend Upload 
25-26D01003630,"? 7,020.00",Bank Transfer,10-Jun-25,MMT/IMPS/516106799524,04-Apr-26,1,Backend Upload 
VIS 2241,"? 24,937.00",Bank Transfer,10-Jun-25,MMT/IMPS/516106799523,04-Apr-26,1,Backend Upload 
D01000404 1/1,"? 15,580.00",Bank Transfer,10-Jun-25,MMT/IMPS/516106799969,04-Apr-26,1,Backend Upload 
25-26D2259 1/1,"? 6,297.00",Bank Transfer,10-Jun-25,MMT/IMPS/516106799474,04-Apr-26,1,Backend Upload 
D01000788 1/1,"? 8,361.00",Bank Transfer,10-Jun-25,MMT/IMPS/516106799498,04-Apr-26,1,Backend Upload 
VIS 2456,"? 16,891.00",Bank Transfer,10-Jun-25,MMT/IMPS/516106799523,04-Apr-26,1,Backend Upload 
25-26 D2436 1/1,"? 7,200.00",Bank Transfer,10-Jun-25,MMT/IMPS/516106799474,04-Apr-26,1,Backend Upload 
D01000458 1/1,"? 3,200.00",Bank Transfer,10-Jun-25,MMT/IMPS/516106799969,04-Apr-26,1,Backend Upload 
25-26D01004057,"? 7,020.00",Bank Transfer,10-Jun-25,MMT/IMPS/516106799524,04-Apr-26,1,Backend Upload 
259,"? 1,561.00",Bank Transfer,10-Jun-25,MMT/IMPS/516106799510,04-Apr-26,1,Backend Upload 
25-26D03003831 1/1,"? 4,858.00",Bank Transfer,10-Jun-25,MMT/IMPS/516106799493,04-Apr-26,1,Backend Upload 
VIS 2885,"? 24,929.00",Bank Transfer,10-Jun-25,MMT/IMPS/516106799523,04-Apr-26,1,Backend Upload 
SA 002726,"? 6,100.00",Bank Transfer,10-Jun-25,MMT/IMPS/516106799955,04-Apr-26,1,Backend Upload 
25-26D01004618,"? 7,020.00",Bank Transfer,10-Jun-25,MMT/IMPS/516106799524,04-Apr-26,1,Backend Upload 
SA 002834,? 381.00,Bank Transfer,10-Jun-25,MMT/IMPS/516106799955,04-Apr-26,1,Backend Upload 
SI/02158/2025-26,"? 30,010.00",Bank Transfer,10-Jul-25,MMT/IMPS/519106336645,04-Apr-26,1,Backend Upload 
305,"? 5,201.00",Bank Transfer,10-Jul-25,MMT/IMPS/519106336629,04-Apr-26,1,Backend Upload 
VIS 3184,"? 6,674.00",Bank Transfer,10-Jul-25,MMT/IMPS/519106336649,04-Apr-26,1,Backend Upload 
VIS 3626,"? 22,451.00",Bank Transfer,10-Jul-25,MMT/IMPS/519106336649,04-Apr-26,1,Backend Upload 
25-26D01005665,"? 7,020.00",Bank Transfer,10-Jul-25,MMT/IMPS/51906336657,04-Apr-26,1,Backend Upload 
O01001112,"? 1,009.00",Bank Transfer,10-Jul-25,MMT/IMPS/519106337186,04-Apr-26,1,Backend Upload 
25-26D3673 1/1,"? 4,336.00",Bank Transfer,10-Jul-25,MMT/IMPS/519106336620,04-Apr-26,1,Backend Upload 
D01000725 1/1,"? 9,114.00",Bank Transfer,10-Jul-25,MMT/IMPS/51910637205,04-Apr-26,1,Backend Upload 
950,"? 3,877.00",Bank Transfer,29-Jul-25,2047680346,04-Apr-26,1,Backend Upload 
25-26D01006423,"? 7,020.00",Bank Transfer,10-Jul-25,MMT/IMPS/51906336657,04-Apr-26,1,Backend Upload 
939,? 890.00,Bank Transfer,29-Jul-25,2047680346,04-Apr-26,1,Backend Upload 
O01001302,? 504.00,Bank Transfer,10-Jul-25,MMT/IMPS/519106337186,04-Apr-26,1,Backend Upload 
992,? 381.00,Bank Transfer,29-Jul-25,2047680346,04-Apr-26,1,Backend Upload 
D01000744 1/1,"? 15,580.00",Bank Transfer,10-Jul-25,MMT/IMPS/51910637205,04-Apr-26,1,Backend Upload 
VIS 4473,"? 51,262.00",Bank Transfer,10-Jul-25,MMT/IMPS/519106336649,04-Apr-26,1,Backend Upload 
VIS 4479,"? 3,543.00",Bank Transfer,10-Jul-25,MMT/IMPS/519106336649,04-Apr-26,1,Backend Upload 
25-26D01006921,"? 8,424.00",Bank Transfer,10-Jul-25,MMT/IMPS/51906336657,04-Apr-26,1,Backend Upload 
25-26D03006442 1/1,"? 1,584.00",Bank Transfer,10-Jul-25,MMT/IMPS/519106336624,04-Apr-26,1,Backend Upload 
VIS 4534,"? 2,986.00",Bank Transfer,10-Jul-25,MMT/IMPS/519106336649,04-Apr-26,1,Backend Upload 
D01000856 1/1,"? 8,187.00",Bank Transfer,10-Jul-25,MMT/IMPS/51910637205,04-Apr-26,1,Backend Upload 
448,"? 5,201.00",Bank Transfer,10-Jul-25,MMT/IMPS/519106336629,04-Apr-26,1,Backend Upload 
SI/03400/2025-26,"? 3,360.00",Bank Transfer,10-Jul-25,MMT/IMPS/519106336645,04-Apr-26,1,Backend Upload 
VIS 4897,"? 19,851.00",Bank Transfer,10-Jul-25,MMT/IMPS/519106336649,04-Apr-26,1,Backend Upload 
25-26D01008178,"? 7,020.00",Bank Transfer,13-Aug-25,MMT/IMPS/522506453356,04-Apr-26,1,Backend Upload 
D01002308,"? 2,062.00",Bank Transfer,13-Aug-25,MMT/IMPS/522506452370,04-Apr-26,1,Backend Upload 
VIS5124,"? 21,503.00",Bank Transfer,13-Aug-25,MMT/IMPS/522506453347,04-Apr-26,1,Backend Upload 
D01002391 1/1,"? 1,496.00",Bank Transfer,13-Aug-25,MMT/IMPS/522506452370,04-Apr-26,1,Backend Upload 
VIS 5580,"? 23,360.00",Bank Transfer,13-Aug-25,MMT/IMPS/522506453347,04-Apr-26,1,Backend Upload 
D01001079 1/1,"? 3,731.00",Bank Transfer,13-Aug-25,MMT/IMPS/522506452360,04-Apr-26,1,Backend Upload 
D01001083 1/1,"? 15,580.00",Bank Transfer,13-Aug-25,MMT/IMPS/522506452360,04-Apr-26,1,Backend Upload 
25-26D03008208 1/1,"? 1,831.00",Bank Transfer,13-Aug-25,MMT/IMPS/522506452351,04-Apr-26,1,Backend Upload 
25-26D5936 1/1,"? 6,040.00",Bank Transfer,13-Aug-25,MMT/IMPS/522506453324,04-Apr-26,1,Backend Upload 
25-26D01008958,"? 7,020.00",Bank Transfer,13-Aug-25,MMT/IMPS/522506453356,04-Apr-26,1,Backend Upload 
VIS 6143,"? 6,027.00",Bank Transfer,13-Aug-25,MMT/IMPS/522506453347,04-Apr-26,1,Backend Upload 
VIS 5990,"? 27,223.00",Bank Transfer,13-Aug-25,MMT/IMPS/522506453347,04-Apr-26,1,Backend Upload 
D01002725 1/1,"? 5,600.00",Bank Transfer,13-Aug-25,MMT/IMPS/522506452370,04-Apr-26,1,Backend Upload 
D01002117 1/1,"? 16,722.00",Bank Transfer,13-Aug-25,MMT/IMPS/522506453335,04-Apr-26,1,Backend Upload 
25-26D01009556,"? 8,424.00",Bank Transfer,13-Aug-25,MMT/IMPS/522506453356,04-Apr-26,1,Backend Upload 
D01001161,"? 8,195.00",Bank Transfer,13-Aug-25,MMT/IMPS/522506452360,04-Apr-26,1,Backend Upload 
VIS 6432,"? 15,863.00",Bank Transfer,13-Aug-25,MMT/IMPS/522506453347,04-Apr-26,1,Backend Upload 
1638,"? 1,036.00",Gpay,12-Dec-25,Not Available ,04-Apr-26,1,Backend Upload 
25-26 D01010529,"? 7,020.00",Bank Transfer,07-Sep-25,MMT/IMPS/525017208721,04-Apr-26,1,Backend Upload 
SA 006617,"? 3,817.00",Bank Transfer,07-Sep-25,MMT/IMPS/525017208585,04-Apr-26,1,Backend Upload 
VIS 6993,"? 17,867.00",Bank Transfer,07-Sep-25,MMT/IMPS/525017208703,04-Apr-26,1,Backend Upload 
D01001314,"? 15,580.00",Bank Transfer,04-Jan-26,MMT/IMPS/600417598247,04-Apr-26,1,Backend Upload 
VIS 7447,"? 15,539.00",Bank Transfer,07-Sep-25,MMT/IMPS/525017208703,04-Apr-26,1,Backend Upload 
25-26D01011327,"? 7,020.00",Bank Transfer,07-Sep-25,MMT/IMPS/525017208721,04-Apr-26,1,Backend Upload 
D01002591 1/1,"? 12,525.00",Bank Transfer,07-Sep-25,MMT/IMPS/525017208603,04-Apr-26,1,Backend Upload 
25-26D01011676,"? 8,424.00",Bank Transfer,07-Sep-25,MMT/IMPS/525017208721,04-Apr-26,1,Backend Upload 
D01001410 1/1,"? 2,970.00",Bank Transfer,04-Jan-26,MMT/IMPS/600417598247,04-Apr-26,1,Backend Upload 
780,"? 12,761.00",Bank Transfer,07-Sep-25,MMT/IMPS/525017208618,04-Apr-26,1,Backend Upload 
D01001431 1/1,"? 1,485.00",Bank Transfer,04-Jan-26,MMT/IMPS/600417598247,04-Apr-26,1,Backend Upload 
25-26D8148 1/1,"? 6,560.00",Bank Transfer,07-Sep-25,MMT/IMPS/525017209191,04-Apr-26,1,Backend Upload 
D01001453 1/1,"? 21,571.00",Bank Transfer,04-Jan-26,MMT/IMPS/600417598247,04-Apr-26,1,Backend Upload 
D01001463 1/1,"? 17,180.00",Bank Transfer,04-Jan-26,MMT/IMPS/600417598247,04-Apr-26,1,Backend Upload 
805,"? 6,720.00",Bank Transfer,07-Sep-25,MMT/IMPS/525017208618,04-Apr-26,1,Backend Upload 
8408,"? 9,409.00",Bank Transfer,07-Sep-25,MMT/IMPS/525017208703,04-Apr-26,1,Backend Upload 
8395,"? 34,774.00",Bank Transfer,07-Sep-25,MMT/IMPS/525017208703,04-Apr-26,1,Backend Upload 
SI/05963/2025-26,"? 23,520.00",Bank Transfer,07-Sep-25,MMT/IMPS/525017209356,04-Apr-26,1,Backend Upload 
SA 008008,? 712.00,Bank Transfer,08-Oct-25,MMT/IMPS/528106274171,04-Apr-26,1,Backend Upload 
25-26D01012748,"? 7,020.00",Bank Transfer,08-Oct-25,MMT/IMPS/528106273712,04-Apr-26,1,Backend Upload 
D01003653 1/1,"? 1,650.00",Bank Transfer,08-Oct-25,MMT/IMPS/528106274256,04-Apr-26,1,Backend Upload 
25-26D01013061,"? 9,336.00",Bank Transfer,08-Oct-25,MMT/IMPS/528106273712,04-Apr-26,1,Backend Upload 
25-26D8925 1/1,"? 6,449.00",Bank Transfer,08-Oct-25,MMT/IMPS/528106273607,04-Apr-26,1,Backend Upload 
25-26D01013373,"? 7,020.00",Bank Transfer,08-Oct-25,MMT/IMPS/528106273712,04-Apr-26,1,Backend Upload 
25-26D9177 1/1,"? 1,800.00",Bank Transfer,08-Oct-25,MMT/IMPS/528106273607,04-Apr-26,1,Backend Upload 
3003,"? 4,447.00",Bank Transfer,08-Oct-25,MMT/IMPS/528106274192,04-Apr-26,1,Backend Upload 
SA 008521,? 348.00,Bank Transfer,08-Oct-25,MMT/IMPS/528106274171,04-Apr-26,1,Backend Upload 
2133,"? 1,520.00",Bank Transfer,08-Oct-25,MMT/IMPS/528106274210,04-Apr-26,1,Backend Upload 
25-26D01013611,"? 21,784.00",Bank Transfer,08-Oct-25,MMT/IMPS/528106273712,04-Apr-26,1,Backend Upload 
25-26D01014011,"? 8,424.00",Bank Transfer,08-Oct-25,MMT/IMPS/528106273712,04-Apr-26,1,Backend Upload 
SA 009064,"? 7,245.00",Bank Transfer,08-Oct-25,MMT/IMPS/528106274171,04-Apr-26,1,Backend Upload 
D01001672,"? 6,283.00",Bank Transfer,08-Oct-25,MMT/IMPS528106273646,04-Apr-26,1,Backend Upload 
VIS 9774,"? 46,896.00",Bank Transfer,08-Oct-25,MMT/IMPS/528106274222,04-Apr-26,1,Backend Upload 
VIS 7587,"? 57,315.00",Bank Transfer,08-Oct-25,MMT/IMPS/528106274222,04-Apr-26,1,Backend Upload 
2257,"? 2,325.00",Bank Transfer,08-Oct-25,MMT/IMPS/528106274210,04-Apr-26,1,Backend Upload 
25-26D03013133 1/1,"? 2,473.00",Bank Transfer,08-Oct-25,MMT/IMPS/528106273616,04-Apr-26,1,Backend Upload 
2285,? 641.00,Bank Transfer,08-Oct-25,MMT/IMPS/528106274210,04-Apr-26,1,Backend Upload 
VIS 10030,"? 6,455.00",Bank Transfer,08-Oct-25,MMT/IMPS/528106274222,04-Apr-26,1,Backend Upload 
sI/07013/2025-26,"? 22,050.00",Bank Transfer,08-Oct-25,MMT/IMPS/528106273681,04-Apr-26,1,Backend Upload 
1043,"? 20,733.00",Bank Transfer,08-Oct-25,MMT/IMPS528106274206,04-Apr-26,1,Backend Upload 
25-26D01015004,"? 7,898.00",Bank Transfer,08-Oct-25,MMT/IMPS/528106273712,04-Apr-26,1,Backend Upload 
VIS 10370,"? 38,277.00",Bank Transfer,08-Oct-25,MMT/IMPS/528106274222,04-Apr-26,1,Backend Upload 
D01003475,"? 11,745.00",Bank Transfer,08-Oct-25,MMT/IMPS/528106274175,04-Apr-26,1,Backend Upload 
VIS 10398,"? 15,222.00",Bank Transfer,11-Nov-25,MMT/IMPS/531519899803,04-Apr-26,1,Backend Upload 
D01001793 1/1,"? 5,972.00",Bank Transfer,11-Nov-25,MMT/IMPS/531519899622,04-Apr-26,1,Backend Upload 
SI/07210/2025-26,"? 3,245.00",Bank Transfer,11-Nov-25,MMT/IMPS/531519898254,04-Apr-26,1,Backend Upload 
2394,"? 2,730.00",Gpay,10-Dec-25,,04-Apr-26,1,Backend Upload 
25-26d01015588,"? 7,898.00",Bank Transfer,11-Nov-25,MMT/IMPS/531519899867,04-Apr-26,1,Backend Upload 
D01001849 1/1,"? 14,606.00",Bank Transfer,11-Nov-25,MMT/IMPS/531519899622,04-Apr-26,1,Backend Upload 
VIS 10801,? 295.00,Bank Transfer,11-Nov-25,MMT/IMPS/531519899803,04-Apr-26,1,Backend Upload 
VIS 10802,"? 15,212.00",Bank Transfer,11-Nov-25,MMT/IMPS/531519899803,04-Apr-26,1,Backend Upload 
25-26D03014327,"? 2,266.00",Bank Transfer,11-Nov-25,MMT/IMPS/531519898181,04-Apr-26,1,Backend Upload 
VIS 11098,"? 11,381.00",Bank Transfer,11-Nov-25,MMT/IMPS/531519899803,04-Apr-26,1,Backend Upload 
25-26D01016142,"? 9,072.00",Bank Transfer,11-Nov-25,MMT/IMPS/531519899867,04-Apr-26,1,Backend Upload 
25-26D01016442,"? 7,898.00",Bank Transfer,11-Nov-25,MMT/IMPS/531519899867,04-Apr-26,1,Backend Upload 
SA 010675,"? 2,337.00",Bank Transfer,11-Nov-25,MMT/IMPS/531519898172,04-Apr-26,1,Backend Upload 
O01003272,"? 1,500.00",Bank Transfer,11-Nov-25,MMT/IMPS/531519899493,04-Apr-26,1,Backend Upload 
25-26D03015228,"? 6,183.00",Bank Transfer,11-Nov-25,MMT/IMPS/531519898181,04-Apr-26,1,Backend Upload 
VIS 11605,"? 8,871.00",Bank Transfer,11-Nov-25,MMT/IMPS/531519899803,04-Apr-26,1,Backend Upload 
SI/08044/2025-26,"? 22,050.00",Bank Transfer,11-Nov-25,MMT/IMPS/531519898254,04-Apr-26,1,Backend Upload 
VIS 11640,"? 32,631.00",Bank Transfer,11-Nov-25,MMT/IMPS/531519899803,04-Apr-26,1,Backend Upload 
VIS 11742,? 567.00,Bank Transfer,11-Nov-25,MMT/IMPS/531519899803,04-Apr-26,1,Backend Upload 
VIS 11741,"? 1,208.00",Bank Transfer,11-Nov-25,MMT/IMPS/531519899803,04-Apr-26,1,Backend Upload 
D01002016 1/1,"? 2,461.00",Bank Transfer,11-Nov-25,MMT/IMPS/531519899622,04-Apr-26,1,Backend Upload 
VIS 11837,"? 11,428.00",Bank Transfer,11-Nov-25,MMT/IMPS/531519899803,04-Apr-26,1,Backend Upload 
D01004986 1/1,"? 1,467.00",Bank Transfer,11-Nov-25,MMT/IMPS/531519898276,04-Apr-26,1,Backend Upload 
25-26D01017490,"? 7,898.00",Bank Transfer,11-Nov-25,MMT/IMPS/531519899867,04-Apr-26,1,Backend Upload 
SA 011273,? 361.00,Bank Transfer,11-Nov-25,MMT/IMPS/531519898172,04-Apr-26,1,Backend Upload 
VIS 12009,"? 5,456.00",Bank Transfer,11-Nov-25,MMT/IMPS/531519899803,04-Apr-26,1,Backend Upload 
1289,"? 8,543.00",Bank Transfer,13-Dec-25,MMT/IMPS/534709635083,04-Apr-26,1,Backend Upload 
VIS 12416,"? 11,695.00",Bank Transfer,13-Dec-25,MMT/IMPS/534709634670,04-Apr-26,1,Backend Upload 
25-26D03016343,"? 1,717.00",Bank Transfer,13-Dec-25,MMT/IMPS/534709635063,04-Apr-26,1,Backend Upload 
SA 011941,? 824.00,Bank Transfer,13-Dec-25,MMT/IMPS/534709635055,04-Apr-26,1,Backend Upload 
25-26DO1018760,"? 7,898.00",Bank Transfer,13-Dec-25,MMT/IMPS/534709635113,04-Apr-26,1,Backend Upload 
VIS 12903,"? 18,596.00",Bank Transfer,13-Dec-25,MMT/IMPS/534709634670,04-Apr-26,1,Backend Upload 
25-26D03016965,"? 6,183.00",Bank Transfer,13-Dec-25,MMT/IMPS/534709635063,04-Apr-26,1,Backend Upload 
SI/08999/2025-26,"? 1,890.00",Bank Transfer,13-Dec-25,MMT/IMPS/534709634655,04-Apr-26,1,Backend Upload 
25-26D13478,"? 4,825.00",Bank Transfer,13-Dec-25,MMT/IMPS/534709634566,04-Apr-26,1,Backend Upload 
25-26D01019390,"? 6,581.00",Bank Transfer,13-Dec-25,MMT/IMPS/534709635113,04-Apr-26,1,Backend Upload 
VIS 13420,"? 2,286.00",Bank Transfer,13-Dec-25,MMT/IMPS/534709634670,04-Apr-26,1,Backend Upload 
25-26D13669 1/1,"? 6,650.00",Bank Transfer,13-Dec-25,MMT/IMPS/534709634566,04-Apr-26,1,Backend Upload 
1439,"? 1,463.00",Bank Transfer,13-Dec-25,MMT/IMPS/534709635083,04-Apr-26,1,Backend Upload 
VIS 13527,"? 2,490.00",Bank Transfer,13-Dec-25,MMT/IMPS/534709634670,04-Apr-26,1,Backend Upload 
1460,"? 12,814.00",Bank Transfer,13-Dec-25,MMT/IMPS/534709635083,04-Apr-26,1,Backend Upload 
VIS 13607,"? 17,283.00",Bank Transfer,13-Dec-25,MMT/IMPS/534709634670,04-Apr-26,1,Backend Upload 
VIS 13623,"? 12,679.00",Bank Transfer,13-Dec-25,MMT/IMPS/534709634670,04-Apr-26,1,Backend Upload 
25-26D01019864,"? 7,898.00",Bank Transfer,13-Dec-25,MMT/IMPS/534709635113,04-Apr-26,1,Backend Upload 
D01002295,"? 4,061.00",Bank Transfer,13-Dec-25,MMT/IMPS/534709634618,04-Apr-26,1,Backend Upload 
VIS 13752,"? 6,407.00",Bank Transfer,13-Dec-25,MMT/IMPS/534709634670,04-Apr-26,1,Backend Upload 
SA 013051,"? 1,312.00",Bank Transfer,13-Dec-25,MMT/IMPS/534709635055,04-Apr-26,1,Backend Upload 
1495,"? 21,000.00",Bank Transfer,13-Dec-25,MMT/IMPS/534709635083,04-Apr-26,1,Backend Upload 
1505,"? 3,901.00",Bank Transfer,04-Jan-26,MMT/IMPS/600417598282,04-Apr-26,1,Backend Upload 
D01002339 1/1,"? 14,606.00",Bank Transfer,04-Jan-26,MMT/IMPS/600417598247,04-Apr-26,1,Backend Upload 
1531,"? 5,363.00",Bank Transfer,04-Jan-26,MMT/IMPS/600417598282,04-Apr-26,1,Backend Upload 
VIS 14387,"? 13,466.00",Bank Transfer,04-Jan-26,MMT/IMPS/600417599078,04-Apr-26,1,Backend Upload 
D01004787 1/1,"? 11,720.00",Bank Transfer,04-Jan-26,MMT/IMPS/600417598206,04-Apr-26,1,Backend Upload 
SA 013626,"? 2,371.00",Bank Transfer,04-Jan-26,MMT/IMPS/600417598179,04-Apr-26,1,Backend Upload 
25-26D01021265,"? 6,581.00",Bank Transfer,04-Jan-26,MMT/IMPS/600417598363,04-Apr-26,1,Backend Upload 
VIS 14836,"? 3,274.00",Bank Transfer,04-Jan-26,MMT/IMPS/600417599078,04-Apr-26,1,Backend Upload 
25-26D01021790,"? 7,898.00",Bank Transfer,04-Jan-26,MMT/IMPS/600417598363,04-Apr-26,1,Backend Upload 
25-26D01021940,"? 15,675.00",Bank Transfer,04-Jan-26,MMT/IMPS/600417598363,04-Apr-26,1,Backend Upload 
SI/10516/2025-26,"? 22,050.00",Bank Transfer,04-Jan-26,MMT/IMPS/600417598314,04-Apr-26,1,Backend Upload 
D01002544 1/1,"? 19,264.00",Bank Transfer,04-Jan-26,MMT/IMPS/600417598247,04-Apr-26,1,Backend Upload 
O01004319,"? 1,419.00",Bank Transfer,04-Jan-26,MMT/IMPS/600417598125,04-Apr-26,1,Backend Upload 
D01002589 1/1,"? 7,883.00",Bank Transfer,04-Jan-26,MMT/IMPS/600417598247,04-Apr-26,1,Backend Upload 
VIS  15337,"? 12,693.00",Bank Transfer,04-Jan-26,MMT/IMPS/600417599078,04-Apr-26,1,Backend Upload 
VIS 15334,"? 3,135.00",Bank Transfer,04-Jan-26,MMT/IMPS/600417599078,04-Apr-26,1,Backend Upload 
VIS 15599,"? 11,047.00",Bank Transfer,04-Jan-26,MMT/IMPS/600417599078,04-Apr-26,1,Backend Upload 
VIS 15593,"? 2,449.00",Bank Transfer,04-Jan-26,MMT/IMPS/600417599078,04-Apr-26,1,Backend Upload 
25-26D01022775,"? 15,675.00",Bank Transfer,04-Jan-26,MMT/IMPS/600417598363,04-Apr-26,1,Backend Upload 
25-26d01023116,"? 7,898.00",Bank Transfer,04-Jan-26,MMT/IMPS/600417598363,04-Apr-26,1,Backend Upload 
D01005274 1/1,"? 11,145.00",Bank Transfer,10-Feb-26,MMT/IMPS/604110161386,04-Apr-26,1,Backend Upload 
D01006810 1/1,"? 2,805.00",Bank Transfer,10-Feb-26,MMT/MPS/604120160913,04-Apr-26,1,Backend Upload 
VIS 00014953,"? 26,958.00",Bank Transfer,10-Feb-26,MMT/IMPS/604120164918,04-Apr-26,1,Backend Upload 
VIS 16092,"? 20,123.00",Bank Transfer,10-Feb-26,MMT/IMPS/604120164918,04-Apr-26,1,Backend Upload 
25-26D01021539 1/1,"? 5,625.00",Bank Transfer,10-Feb-26,MMT/IMPS/604120159657,04-Apr-26,1,Backend Upload 
VIS 16226,"? 11,834.00",Bank Transfer,10-Feb-26,MMT/IMPS/604120164918,04-Apr-26,1,Backend Upload 
SI/11398/2025-26,"? 6,395.00",Bank Transfer,10-Feb-26,MMT/IMPS/604120161347,04-Apr-26,1,Backend Upload 
BLCOCL0045,"? 10,940.00",Bank Transfer,16-Jan-26,Bank Transfer :- 2243560019,04-Apr-26,1,Backend Upload 
VIS00016298,"? 32,214.00",Bank Transfer,10-Feb-26,MMT/IMPS/604120164918,04-Apr-26,1,Backend Upload 
25-26D01024378,"? 7,898.00",Bank Transfer,10-Feb-26,MMT/IMPS/604120160939,04-Apr-26,1,Backend Upload 
25-26D03021672,"? 2,266.00",Bank Transfer,10-Feb-26,MMT/IMPS/604120161431,04-Apr-26,1,Backend Upload 
SA 015893,? 361.00,Bank Transfer,10-Feb-26,MMT/IMPS/604120159689,04-Apr-26,1,Backend Upload 
D01007208,"? 1,828.00",Bank Transfer,10-Feb-26,MMT/MPS/604120160913,04-Apr-26,1,Backend Upload 
SA 016046,"? 5,848.00",Bank Transfer,10-Feb-26,MMT/IMPS/604120159689,04-Apr-26,1,Backend Upload 
D01005645,"? 11,720.00",Bank Transfer,10-Feb-26,MMT/IMPS/604110161386,04-Apr-26,1,Backend Upload 
25-26D01025395,"? 9,214.00",Bank Transfer,10-Feb-26,MMT/IMPS/604120160939,04-Apr-26,1,Backend Upload 
VIS 17163,"? 5,810.00",Bank Transfer,10-Feb-26,MMT/IMPS/604120164918,04-Apr-26,1,Backend Upload 
KP-25-72930,"? 3,447.00",Bank Transfer,10-Feb-26,MMT/IMPS/604120161366,04-Apr-26,1,Backend Upload 
VIS 17193,"? 7,702.00",Bank Transfer,10-Feb-26,MMT/IMPS/604120164918,04-Apr-26,1,Backend Upload 
25-26 D17762 1/1,"? 6,560.00",Bank Transfer,10-Feb-26,MMT/IMPS/604120159703,04-Apr-26,1,Backend Upload 
SA 016460,? 294.00,Bank Transfer,10-Feb-26,MMT/IMPS/604120159689,04-Apr-26,1,Backend Upload 
SA 016477,? 440.00,Bank Transfer,10-Feb-26,MMT/IMPS/604120159689,04-Apr-26,1,Backend Upload 
25-26D03022747 1/1,6183,Bank Transfer,19-Mar-26,MMT/IMPS/607820747811,04-Apr-26,1,Backend Upload 
25-26D01026439,7898,Bank Transfer,19-Mar-26,MMT/IMPS/607820748759,04-Apr-26,1,Backend Upload 
25-26D01025875,2344,Bank Transfer,19-Mar-26,MMT/IMPS/607820748759,04-Apr-26,1,Backend Upload 
VIS 18018,15930,Bank Transfer,19-Mar-26,MMT/IMPS/607820748701,04-Apr-26,1,Backend Upload 
4167,435,Bank Transfer,19-Mar-26,2317406235,04-Apr-26,1,Backend Upload 
4171,930,Bank Transfer,19-Mar-26,2317406235,04-Apr-26,1,Backend Upload 
25-26D03023357 1/1,1717,Bank Transfer,19-Mar-26,MMT/IMPS/607820747811,04-Apr-26,1,Backend Upload 
D01003089 1/1,14606,Bank Transfer,19-Mar-26,MMT/IMPS/607820748876,04-Apr-26,1,Backend Upload 
VIS 00018398,7892,Bank Transfer,19-Mar-26,MMT/IMPS/607820748701,04-Apr-26,1,Backend Upload 
D01003100 1/1,6283,Bank Transfer,19-Mar-26,MMT/IMPS/607820748876,04-Apr-26,1,Backend Upload 
VIS 18576,10269,Bank Transfer,19-Mar-26,MMT/IMPS/607820748701,04-Apr-26,1,Backend Upload 
SI/13007/2025-26,22050,Bank Transfer,19-Mar-26,MMT/IMPS/607820749065,04-Apr-26,1,Backend Upload 
25-26D19288 1/1,6707,Bank Transfer,19-Mar-26,MMT/IMPS/607820748389,04-Apr-26,1,Backend Upload 
D01006203 1/1,11720,Bank Transfer,19-Mar-26,MMT/IMPS/607820747842,04-Apr-26,1,Backend Upload 
25-26D01027954,7898,Bank Transfer,19-Mar-26,MMT/IMPS/607820748759,04-Apr-26,1,Backend Upload 
4383,2570,Bank Transfer,19-Mar-26,2317406235,04-Apr-26,1,Backend Upload 
25-26D01024895,6691,Bank Transfer,19-Mar-26,MMT/IMPS/607820748426,04-Apr-26,1,Backend Upload 
VIS 19368,5147,Bank Transfer,19-Mar-26,MMT/IMPS/607820748701,04-Apr-26,1,Backend Upload 
VIS 19372,18766,Bank Transfer,19-Mar-26,MMT/IMPS/607820748701,04-Apr-26,1,Backend Upload 
